{"cameraMode":{"drawMode":0,"name":"Shaded","section":"Shading Mode"},"sceneLighting":false,"audioPlay":false,"sceneViewState":{"showFog":true,"showMaterialUpdate":false,"showSkybox":true,"showFlares":true,"showImageEffects":true,"showParticleSystems":true},"in2DMode":false,"pivot":{"x":-13.812381744384766,"y":-35.23432159423828,"z":-0.394866943359375},"rotation":{"x":0.0015602457569912077,"y":0.8812394738197327,"z":-0.4726599454879761,"w":0.0029088887386024},"size":132.61532592773438,"orthographic":false}