{"cameraMode":{"drawMode":0,"name":"Shaded","section":"Shading Mode"},"sceneLighting":false,"audioPlay":false,"sceneViewState":{"showFog":true,"showMaterialUpdate":false,"showSkybox":true,"showFlares":true,"showImageEffects":true,"showParticleSystems":true},"in2DMode":false,"pivot":{"x":-69.14613342285156,"y":-109.12164306640625,"z":1.7433319091796876},"rotation":{"x":0.2748017907142639,"y":-0.6942932605743408,"z":0.33052217960357668,"w":0.577247142791748},"size":382.09295654296877,"orthographic":false}