{"cameraMode":{"drawMode":0,"name":"Shaded","section":"Shading Mode"},"sceneLighting":false,"audioPlay":false,"sceneViewState":{"showFog":true,"showMaterialUpdate":false,"showSkybox":true,"showFlares":true,"showImageEffects":true,"showParticleSystems":true},"in2DMode":false,"pivot":{"x":10.553112030029297,"y":-61.66365051269531,"z":54.49695587158203},"rotation":{"x":0.4858699142932892,"y":0.06309626251459122,"z":-0.03519367799162865,"w":0.8710529208183289},"size":255.70257568359376,"orthographic":false}