{"cameraMode":{"drawMode":0,"name":"Shaded","section":"Shading Mode"},"sceneLighting":false,"audioPlay":false,"sceneViewState":{"showFog":true,"showMaterialUpdate":false,"showSkybox":true,"showFlares":true,"showImageEffects":true,"showParticleSystems":true},"in2DMode":false,"pivot":{"x":-2.242309093475342,"y":-22.384822845458986,"z":-19.66499900817871},"rotation":{"x":0.0015602457569912077,"y":0.8812394738197327,"z":-0.4726599454879761,"w":0.0029088887386024},"size":129.08432006835938,"orthographic":false}