{"cameraMode":{"drawMode":0,"name":"Shaded","section":"Shading Mode"},"sceneLighting":false,"audioPlay":false,"sceneViewState":{"showFog":true,"showMaterialUpdate":false,"showSkybox":true,"showFlares":true,"showImageEffects":true,"showParticleSystems":true},"in2DMode":false,"pivot":{"x":13.021821975708008,"y":-102.89351654052735,"z":-25.565906524658204},"rotation":{"x":-0.0005668417434208095,"y":-0.77200847864151,"z":0.6356224417686462,"w":-0.0006909496150910854},"size":178.23570251464845,"orthographic":false}