{"cameraMode":{"drawMode":0,"name":"Shaded","section":"Shading Mode"},"sceneLighting":false,"audioPlay":false,"sceneViewState":{"showFog":true,"showMaterialUpdate":false,"showSkybox":true,"showFlares":true,"showImageEffects":true,"showParticleSystems":true},"in2DMode":false,"pivot":{"x":17.170852661132814,"y":-11.900196075439454,"z":-12.901307106018067},"rotation":{"x":-0.272621750831604,"y":-0.6408418416976929,"z":0.2614075839519501,"w":-0.6683324575424194},"size":50.095943450927737,"orthographic":false}