{"cameraMode":{"drawMode":0,"name":"Shaded","section":"Shading Mode"},"sceneLighting":false,"audioPlay":false,"sceneViewState":{"showFog":true,"showMaterialUpdate":false,"showSkybox":true,"showFlares":true,"showImageEffects":true,"showParticleSystems":true},"in2DMode":false,"pivot":{"x":-81.18092346191406,"y":-107.56504821777344,"z":58.35392379760742},"rotation":{"x":0.15601372718811036,"y":-0.7139396667480469,"z":0.6615238785743713,"w":0.16837339103221894},"size":203.21961975097657,"orthographic":false}