{"cameraMode":{"drawMode":0,"name":"Shaded","section":"Shading Mode"},"sceneLighting":false,"audioPlay":false,"sceneViewState":{"showFog":true,"showMaterialUpdate":false,"showSkybox":true,"showFlares":true,"showImageEffects":true,"showParticleSystems":true},"in2DMode":false,"pivot":{"x":8.081865310668946,"y":-32.28962707519531,"z":5.802192687988281},"rotation":{"x":0.0034090850967913868,"y":0.8902788758277893,"z":-0.4553818702697754,"w":0.006665099412202835},"size":206.3050079345703,"orthographic":false}