{"cameraMode":{"drawMode":0,"name":"Shaded","section":"Shading Mode"},"sceneLighting":false,"audioPlay":false,"sceneViewState":{"showFog":true,"showMaterialUpdate":false,"showSkybox":true,"showFlares":true,"showImageEffects":true,"showParticleSystems":true},"in2DMode":false,"pivot":{"x":16.255800247192384,"y":-15.14263916015625,"z":-4.135535717010498},"rotation":{"x":-0.3440455198287964,"y":-0.6171259880065918,"z":0.3430182933807373,"w":-0.6189746856689453},"size":72.3818588256836,"orthographic":false}