{"cameraMode":{"drawMode":0,"name":"Shaded","section":"Shading Mode"},"sceneLighting":false,"audioPlay":false,"sceneViewState":{"showFog":true,"showMaterialUpdate":false,"showSkybox":true,"showFlares":true,"showImageEffects":true,"showParticleSystems":true},"in2DMode":false,"pivot":{"x":-1.6468244791030884,"y":-105.11639404296875,"z":-14.23236083984375},"rotation":{"x":-0.0005668417434208095,"y":-0.77200847864151,"z":0.6356224417686462,"w":-0.0006909496150910854},"size":270.45556640625,"orthographic":false}