{"cameraMode":{"drawMode":0,"name":"Shaded","section":"Shading Mode"},"sceneLighting":false,"audioPlay":false,"sceneViewState":{"showFog":true,"showMaterialUpdate":false,"showSkybox":true,"showFlares":true,"showImageEffects":true,"showParticleSystems":true},"in2DMode":false,"pivot":{"x":30.020166397094728,"y":-103.63705444335938,"z":-21.73346710205078},"rotation":{"x":-0.0005668417434208095,"y":-0.77200847864151,"z":0.6356224417686462,"w":-0.0006909496150910854},"size":315.5938720703125,"orthographic":false}