{"cameraMode":{"drawMode":0,"name":"Shaded","section":"Shading Mode"},"sceneLighting":false,"audioPlay":false,"sceneViewState":{"showFog":true,"showMaterialUpdate":false,"showSkybox":true,"showFlares":true,"showImageEffects":true,"showParticleSystems":true},"in2DMode":false,"pivot":{"x":3.83319091796875,"y":20.74422264099121,"z":0.6516108512878418},"rotation":{"x":-0.034352853894233707,"y":-0.7229806780815125,"z":0.03603966534137726,"w":-0.6890775561332703},"size":175.8961944580078,"orthographic":false}