{"cameraMode":{"drawMode":0,"name":"Shaded","section":"Shading Mode"},"sceneLighting":false,"audioPlay":false,"sceneViewState":{"showFog":true,"showMaterialUpdate":false,"showSkybox":true,"showFlares":true,"showImageEffects":true,"showParticleSystems":true},"in2DMode":false,"pivot":{"x":20.09036636352539,"y":0.384521484375,"z":-73.14215850830078},"rotation":{"x":-0.000007520769941038452,"y":0.8755201101303101,"z":-0.4832090139389038,"w":-0.000011368968444003258},"size":52.145748138427737,"orthographic":false}