{"cameraMode":{"drawMode":0,"name":"Shaded","section":"Shading Mode"},"sceneLighting":false,"audioPlay":false,"sceneViewState":{"showFog":true,"showMaterialUpdate":false,"showSkybox":true,"showFlares":true,"showImageEffects":true,"showParticleSystems":true},"in2DMode":false,"pivot":{"x":8.912638664245606,"y":-18.57422637939453,"z":16.052230834960939},"rotation":{"x":-0.0021877619437873365,"y":0.8747852444648743,"z":-0.48451679944992068,"w":-0.0039479732513427738},"size":152.6451873779297,"orthographic":false}