{"cameraMode":{"drawMode":0,"name":"Shaded","section":"Shading Mode"},"sceneLighting":false,"audioPlay":false,"sceneViewState":{"showFog":true,"showMaterialUpdate":false,"showSkybox":true,"showFlares":true,"showImageEffects":true,"showParticleSystems":true},"in2DMode":false,"pivot":{"x":-86.43173217773438,"y":0.8731555938720703,"z":70.02674865722656},"rotation":{"x":0.2211201786994934,"y":0.777072548866272,"z":-0.4457568824291229,"w":0.38547030091285708},"size":11.535073280334473,"orthographic":false}