{"cameraMode":{"drawMode":0,"name":"Shaded","section":"Shading Mode"},"sceneLighting":false,"audioPlay":false,"sceneViewState":{"showFog":true,"showMaterialUpdate":false,"showSkybox":true,"showFlares":true,"showImageEffects":true,"showParticleSystems":true},"in2DMode":false,"pivot":{"x":-0.11697916686534882,"y":-34.12899398803711,"z":-1.9638290405273438},"rotation":{"x":0.0015602457569912077,"y":0.8812394738197327,"z":-0.4726599454879761,"w":0.0029088887386024},"size":117.66018676757813,"orthographic":false}